<?xml version="1.0" encoding="UTF-8" ?>

<!DOCTYPE configuration PUBLIC "-//mybatis.org//DTD Config 3.0//EN" "http://mybatis.org/dtd/mybatis-3-config.dtd">

<configuration>

	<settings>
<!--		<setting name="mapUnderscoreToCamelCase" value="true"/>-->
		<setting name="cacheEnabled" value="false"/>
		<setting name="lazyLoadingEnabled" value="true"/>
		<setting name="multipleResultSetsEnabled" value="true"/>
		<setting name="useColumnLabel" value="true"/>
		<setting name="useGeneratedKeys" value="false"/>
		<setting name="defaultExecutorType" value="SIMPLE"/>
		<setting name="defaultStatementTimeout" value="25000"/>
	</settings>

	<typeAliases>
		<typeAlias alias="map" type="java.util.Map"/>
		<typeAlias alias="user" type="com.happyhouse.server.api.domain.User" />
		<typeAlias alias="knowList" type="com.happyhouse.server.api.domain.KnowList" />
	</typeAliases>

	<mappers>
		<mapper resource="mappers/user.xml"/>
		<mapper resource="mappers/knowList.xml"/>
	</mappers>
</configuration>